Top pages,Clicks,Impressions,CTR,Position
https://arzhomeremodeling.com/,7,789,0.89%,46.42
https://arzhomeremodeling.com/privacy-policy/,2,30,6.67%,7.07
https://arzhomeremodeling.com/team/,2,23,8.7%,8.78
https://arzhomeremodeling.com/bathroom-remodeling-gilbert-az/,1,2561,0.04%,68.11
https://arzhomeremodeling.com/chandler-az-85226/,1,713,0.14%,81.14
https://arzhomeremodeling.com/handicap-accessible-bathroom-chandler/,1,263,0.38%,31.52
https://arzhomeremodeling.com/chandler-az-circle-g-85249/,1,168,0.6%,81.3
https://arzhomeremodeling.com/bathroom-remodeling-permits-chandler/,1,133,0.75%,7.46
https://arzhomeremodeling.com/bathtub-remodeling/,1,104,0.96%,50.94
https://arzhomeremodeling.com/blog/,1,65,1.54%,15.22
https://arzhomeremodeling.com/guest-bathroom-remodeling/,1,49,2.04%,71.06
https://arzhomeremodeling.com/walk-in-shower-cost/,1,46,2.17%,56.8
https://arzhomeremodeling.com/small-bathroom-remodeling/,1,23,4.35%,26.22
https://arzhomeremodeling.com/bathroom-remodeling-mesa-az/,0,2628,0%,59.66
https://arzhomeremodeling.com/bathroom-remodeling-chandler-az/,0,1925,0%,65.7
https://arzhomeremodeling.com/bathroom-remodeling-apache-junction-az/,0,1388,0%,41.83
https://arzhomeremodeling.com/chandler-az-85225/,0,1191,0%,72.94
https://arzhomeremodeling.com/bathroom-remodeling-queen-creek-az/,0,1118,0%,39.59
https://arzhomeremodeling.com/bathroom-remodeling-tempe-az/,0,1057,0%,39.24
https://arzhomeremodeling.com/bathroom-tile-installation/,0,802,0%,48.44
https://arzhomeremodeling.com/handicap-accessible-bathroom/,0,736,0%,38.29
https://arzhomeremodeling.com/chandler-az-85224/,0,622,0%,81.16
https://arzhomeremodeling.com/bathroom-remodeling-ahwatukee-az/,0,425,0%,42.22
https://arzhomeremodeling.com/bathroom-remodeling-ocotillo/,0,391,0%,78.15
https://arzhomeremodeling.com/ada-bathroom-remodeling/,0,320,0%,62.68
https://arzhomeremodeling.com/chandler-az-85286/,0,287,0%,75.64
https://arzhomeremodeling.com/bathroom-remodeling-areas/downtown-chandler/,0,244,0%,80.2
https://arzhomeremodeling.com/chandler-az-85248/,0,217,0%,86.51
https://arzhomeremodeling.com/walk-in-showers/,0,185,0%,39.41
https://arzhomeremodeling.com/tub-to-shower-conversion-cost/,0,178,0%,57.61
https://arzhomeremodeling.com/blog/complete-guide-bathroom-remodeling-chandler-arizona/,0,173,0%,30.98
https://arzhomeremodeling.com/contact/,0,164,0%,66.23
https://arzhomeremodeling.com/bathroom-remodeling/,0,162,0%,69.77
https://arzhomeremodeling.com/bathroom-remodel-cost-chandler/,0,152,0%,73.63
https://arzhomeremodeling.com/tub-to-shower-conversion/,0,148,0%,57.09
https://arzhomeremodeling.com/bathroom-remodeling-downtown-chandler/,0,131,0%,79.92
https://arzhomeremodeling.com/shower-bathtub-upgrade/,0,123,0%,63.98
https://arzhomeremodeling.com/about/,0,89,0%,44.36
https://arzhomeremodeling.com/chandler-az-85249/,0,88,0%,82
https://arzhomeremodeling.com/chandler-az-dobson-place/,0,84,0%,86.39
https://arzhomeremodeling.com/luxury-bathroom-remodeling/,0,78,0%,70.9
https://arzhomeremodeling.com/bathroom-remodeling-areas/ocotillo/,0,74,0%,87.89
https://arzhomeremodeling.com/bathroom-vanity-installation/,0,68,0%,51.93
https://arzhomeremodeling.com/shower-replacement/,0,62,0%,49.95
https://arzhomeremodeling.com/bathroom-remodeling-cost-chandler-az/,0,58,0%,42.47
https://arzhomeremodeling.com/bathroom-remodeling-sun-lakes/,0,56,0%,18.23
https://arzhomeremodeling.com/bathroom-lighting-installation/,0,56,0%,40.27
https://arzhomeremodeling.com/chandler-az-kyrene-corridor/,0,52,0%,88.56
https://arzhomeremodeling.com/bathroom-remodeling-financing/,0,51,0%,73.31
https://arzhomeremodeling.com/master-bathroom-remodel-cost/,0,50,0%,72.1
https://arzhomeremodeling.com/offers/,0,48,0%,26.52
https://arzhomeremodeling.com/bathroom-remodeling-chandler-heights/,0,48,0%,74.46
https://arzhomeremodeling.com/chandler-az-sun-groves/,0,47,0%,89.15
https://arzhomeremodeling.com/gallery/,0,45,0%,9.51
https://arzhomeremodeling.com/chandler-az-85246/,0,43,0%,64.51
https://arzhomeremodeling.com/careers/,0,40,0%,8.1
https://arzhomeremodeling.com/bathroom-flooring-installation/,0,40,0%,67.53
https://arzhomeremodeling.com/bathroom-remodeling-dobson-ranch/,0,39,0%,50.9
https://arzhomeremodeling.com/financing/,0,38,0%,14.76
https://arzhomeremodeling.com/bathroom-remodeling-areas/fulton-ranch/,0,36,0%,86.06
https://arzhomeremodeling.com/bathroom-remodeling-areas/sun-lakes/,0,34,0%,66.59
https://arzhomeremodeling.com/home-renovation-chandler-az/,0,33,0%,50.18
https://arzhomeremodeling.com/chandler-az-circle-g/,0,33,0%,80
https://arzhomeremodeling.com/cabinet-countertop-installation/,0,29,0%,49.69
https://arzhomeremodeling.com/team/alex-rivers/,0,26,0%,5.81
https://arzhomeremodeling.com/tub-removal/,0,26,0%,35.38
https://arzhomeremodeling.com/blog/2024-bathroom-design-trends-chandler-arizona/,0,18,0%,13.83
https://arzhomeremodeling.com/bathroom-remodeling-timeline/,0,18,0%,26.72
https://arzhomeremodeling.com/blog/convert-garden-tub-to-walk-in-shower-chandler/,0,13,0%,29.77
https://arzhomeremodeling.com/bathroom-remodeling-areas/fox-crossing/,0,12,0%,14.83
https://arzhomeremodeling.com/bathroom-remodeling-fulton-ranch/,0,11,0%,49.27
https://arzhomeremodeling.com/bathroom-remodeling-pecos-ranch/,0,10,0%,24.5
https://arzhomeremodeling.com/bathroom-remodeling-areas/cooper-commons/,0,10,0%,26.7
https://arzhomeremodeling.com/blog/small-bathroom-layout-ideas-chandler/,0,10,0%,31.6
https://arzhomeremodeling.com/chandler-az-arden-park/,0,9,0%,65.33
https://arzhomeremodeling.com/bathroom-remodeling-cooper-commons/,0,7,0%,37.14
https://arzhomeremodeling.com/chandler-az-riggs-ranch/,0,6,0%,11.17
https://arzhomeremodeling.com/chandler-az-85244/,0,6,0%,22.67
https://arzhomeremodeling.com/bathroom-remodeling-the-islands/,0,6,0%,44.33
https://arzhomeremodeling.com/bathroom-remodeling-fox-crossing/,0,4,0%,9.75
https://arzhomeremodeling.com/chandler-az-clemente-ranch/,0,3,0%,10
https://arzhomeremodeling.com/bathroom-remodeling-andersen-springs/,0,3,0%,84.67
https://arzhomeremodeling.com/chandler-az-stellar-airpark/,0,2,0%,8
https://arzhomeremodeling.com/bathroom-remodeling-layton-lakes/,0,1,0%,1
https://arzhomeremodeling.com/flooring-installation-chandler/,0,1,0%,13
https://arzhomeremodeling.com/painting-contractors-chandler/,0,1,0%,14
https://arzhomeremodeling.com/blog/tub-to-shower-conversion-ideas-chandler/,0,1,0%,19